INSERT INTO venues(id,name,venue_type) VALUES('ven-001','Nova Arena','arena');
INSERT INTO venues(id,name,venue_type) VALUES('ven-002','Luna Center','halfmoon');
INSERT INTO venues(id,name,venue_type) VALUES('ven-003','Teatro Aurora','flat');

INSERT INTO zones(id,venue_id,name,color,price) VALUES('zon-001','ven-001','VIP','#e94560',150.00);
INSERT INTO zones(id,venue_id,name,color,price) VALUES('zon-002','ven-001','Premium','#f0a500',110.00);
INSERT INTO zones(id,venue_id,name,color,price) VALUES('zon-003','ven-001','General','#4caf50',75.00);
INSERT INTO zones(id,venue_id,name,color,price) VALUES('zon-004','ven-002','VIP','#e94560',140.00);
INSERT INTO zones(id,venue_id,name,color,price) VALUES('zon-005','ven-002','Premium','#f0a500',100.00);
INSERT INTO zones(id,venue_id,name,color,price) VALUES('zon-006','ven-002','General','#4caf50',70.00);
INSERT INTO zones(id,venue_id,name,color,price) VALUES('zon-007','ven-003','VIP','#e94560',130.00);
INSERT INTO zones(id,venue_id,name,color,price) VALUES('zon-008','ven-003','Premium','#f0a500',95.00);
INSERT INTO zones(id,venue_id,name,color,price) VALUES('zon-009','ven-003','General','#4caf50',70.00);

INSERT INTO events(id,venue_id,name,date,time,location,image_url,base_price,currency) VALUES('evt-001','ven-001','Bad Liebre','2025-02-15','21:00','Ciudad de México, México','https://raw.githubusercontent.com/alejandrocalderonhernandez/ticket-flow-resources/main/events/bad-liebre.png',150.00,'USD');
INSERT INTO events(id,venue_id,name,date,time,location,image_url,base_price,currency) VALUES('evt-002','ven-001','Karolina G','2025-03-08','20:30','Ciudad de México, México','https://raw.githubusercontent.com/alejandrocalderonhernandez/ticket-flow-resources/main/events/karolina-g.png',125.00,'USD');
INSERT INTO events(id,venue_id,name,date,time,location,image_url,base_price,currency) VALUES('evt-003','ven-001','Lentejuela','2025-04-19','21:30','Ciudad de México, México','https://raw.githubusercontent.com/alejandrocalderonhernandez/ticket-flow-resources/main/events/lentejuela.png',140.00,'USD');
INSERT INTO events(id,venue_id,name,date,time,location,image_url,base_price,currency) VALUES('evt-004','ven-001','Rosa y Lía','2025-05-24','20:00','Ciudad de México, México','https://raw.githubusercontent.com/alejandrocalderonhernandez/ticket-flow-resources/main/events/rosa-y-lia.png',135.00,'USD');
INSERT INTO events(id,venue_id,name,date,time,location,image_url,base_price,currency) VALUES('evt-005','ven-001','Shut N'' Roses','2025-06-14','21:00','Ciudad de México, México','https://raw.githubusercontent.com/alejandrocalderonhernandez/ticket-flow-resources/main/events/shut-n-roses.png',120.00,'USD');
INSERT INTO events(id,venue_id,name,date,time,location,image_url,base_price,currency) VALUES('evt-006','ven-001','Draft Funk','2025-07-26','20:30','Ciudad de México, México','https://raw.githubusercontent.com/alejandrocalderonhernandez/ticket-flow-resources/main/events/draft-funk.png',115.00,'USD');
INSERT INTO events(id,venue_id,name,date,time,location,image_url,base_price,currency) VALUES('evt-007','ven-001','Peso Mosca','2025-09-06','21:15','Ciudad de México, México','https://raw.githubusercontent.com/alejandrocalderonhernandez/ticket-flow-resources/main/events/peso-mosca.png',100.00,'USD');
INSERT INTO events(id,venue_id,name,date,time,location,image_url,base_price,currency) VALUES('evt-008','ven-002','Doble Lipa','2025-10-18','20:00','Madrid, España','https://raw.githubusercontent.com/alejandrocalderonhernandez/ticket-flow-resources/main/events/doble-lipa.png',145.00,'USD');
INSERT INTO events(id,venue_id,name,date,time,location,image_url,base_price,currency) VALUES('evt-009','ven-002','Taylor Flux','2025-11-29','21:00','Madrid, España','https://raw.githubusercontent.com/alejandrocalderonhernandez/ticket-flow-resources/main/events/taylor-flux.png',130.00,'USD');
INSERT INTO events(id,venue_id,name,date,time,location,image_url,base_price,currency) VALUES('evt-010','ven-002','The Bugs','2026-01-17','20:30','Madrid, España','https://raw.githubusercontent.com/alejandrocalderonhernandez/ticket-flow-resources/main/events/the-bugs.png',95.00,'USD');
INSERT INTO events(id,venue_id,name,date,time,location,image_url,base_price,currency) VALUES('evt-011','ven-002','Coldpause','2026-02-21','21:00','Madrid, España','https://raw.githubusercontent.com/alejandrocalderonhernandez/ticket-flow-resources/main/events/coldpause.png',90.00,'USD');
INSERT INTO events(id,venue_id,name,date,time,location,image_url,base_price,currency) VALUES('evt-012','ven-002','Queens of León','2026-03-14','20:00','Madrid, España','https://raw.githubusercontent.com/alejandrocalderonhernandez/ticket-flow-resources/main/events/queens-of-leon.png',85.00,'USD');
INSERT INTO events(id,venue_id,name,date,time,location,image_url,base_price,currency) VALUES('evt-013','ven-002','Princess','2026-04-25','21:30','Madrid, España','https://raw.githubusercontent.com/alejandrocalderonhernandez/ticket-flow-resources/main/events/princess.png',110.00,'USD');
INSERT INTO events(id,venue_id,name,date,time,location,image_url,base_price,currency) VALUES('evt-014','ven-002','The Weekly','2026-05-16','20:30','Madrid, España','https://raw.githubusercontent.com/alejandrocalderonhernandez/ticket-flow-resources/main/events/the-weekly.png',105.00,'USD');
INSERT INTO events(id,venue_id,name,date,time,location,image_url,base_price,currency) VALUES('evt-015','ven-003','Desert Monkeys','2026-06-20','21:00','Ciudad de México, México','https://raw.githubusercontent.com/alejandrocalderonhernandez/ticket-flow-resources/main/events/desert-monkeys.png',100.00,'USD');
INSERT INTO events(id,venue_id,name,date,time,location,image_url,base_price,currency) VALUES('evt-016','ven-003','Gentleman Gaga','2026-07-11','20:00','Ciudad de México, México','https://raw.githubusercontent.com/alejandrocalderonhernandez/ticket-flow-resources/main/events/gentleman-gaga.png',95.00,'USD');
INSERT INTO events(id,venue_id,name,date,time,location,image_url,base_price,currency) VALUES('evt-017','ven-003','Liquid Park','2026-08-22','21:15','Ciudad de México, México','https://raw.githubusercontent.com/alejandrocalderonhernandez/ticket-flow-resources/main/events/liquid-park.png',90.00,'USD');
INSERT INTO events(id,venue_id,name,date,time,location,image_url,base_price,currency) VALUES('evt-018','ven-003','Bruno Jupiter','2026-09-19','20:30','Ciudad de México, México','https://raw.githubusercontent.com/alejandrocalderonhernandez/ticket-flow-resources/main/events/bruno-jupiter.png',80.00,'USD');
INSERT INTO events(id,venue_id,name,date,time,location,image_url,base_price,currency) VALUES('evt-019','ven-003','Fuzz Fighters','2026-10-24','21:00','Ciudad de México, México','https://raw.githubusercontent.com/alejandrocalderonhernandez/ticket-flow-resources/main/events/fuzz-fighters.png',75.00,'USD');
INSERT INTO events(id,venue_id,name,date,time,location,image_url,base_price,currency) VALUES('evt-020','ven-003','Green Hot Chili Peppers','2026-11-14','20:00','Ciudad de México, México','https://raw.githubusercontent.com/alejandrocalderonhernandez/ticket-flow-resources/main/events/green-hot-chili-peppers.png',70.00,'USD');

INSERT INTO seats(id,venue_id,zone_id,row,col,status) VALUES('sea-001','ven-001','zon-001',1,1,'occupied');
INSERT INTO seats(id,venue_id,zone_id,row,col,status) VALUES('sea-002','ven-001','zon-001',1,2,'available');
INSERT INTO seats(id,venue_id,zone_id,row,col,status) VALUES('sea-003','ven-001','zon-001',1,3,'occupied');
INSERT INTO seats(id,venue_id,zone_id,row,col,status) VALUES('sea-004','ven-001','zon-001',1,4,'available');
INSERT INTO seats(id,venue_id,zone_id,row,col,status) VALUES('sea-005','ven-001','zon-001',1,5,'available');
INSERT INTO seats(id,venue_id,zone_id,row,col,status) VALUES('sea-006','ven-001','zon-001',1,6,'occupied');
INSERT INTO seats(id,venue_id,zone_id,row,col,status) VALUES('sea-007','ven-001','zon-001',1,7,'available');
INSERT INTO seats(id,venue_id,zone_id,row,col,status) VALUES('sea-008','ven-001','zon-001',1,8,'available');
INSERT INTO seats(id,venue_id,zone_id,row,col,status) VALUES('sea-009','ven-001','zon-001',1,9,'occupied');
INSERT INTO seats(id,venue_id,zone_id,row,col,status) VALUES('sea-010','ven-001','zon-001',1,10,'available');
INSERT INTO seats(id,venue_id,zone_id,row,col,status) VALUES('sea-011','ven-001','zon-001',1,11,'available');
INSERT INTO seats(id,venue_id,zone_id,row,col,status) VALUES('sea-012','ven-001','zon-001',1,12,'occupied');
INSERT INTO seats(id,venue_id,zone_id,row,col,status) VALUES('sea-013','ven-001','zon-002',2,1,'available');
INSERT INTO seats(id,venue_id,zone_id,row,col,status) VALUES('sea-014','ven-001','zon-002',2,2,'available');
INSERT INTO seats(id,venue_id,zone_id,row,col,status) VALUES('sea-015','ven-001','zon-002',2,3,'occupied');
INSERT INTO seats(id,venue_id,zone_id,row,col,status) VALUES('sea-016','ven-001','zon-002',2,4,'available');
INSERT INTO seats(id,venue_id,zone_id,row,col,status) VALUES('sea-017','ven-001','zon-002',2,5,'available');
INSERT INTO seats(id,venue_id,zone_id,row,col,status) VALUES('sea-018','ven-001','zon-002',2,6,'occupied');
INSERT INTO seats(id,venue_id,zone_id,row,col,status) VALUES('sea-019','ven-001','zon-002',2,7,'available');
INSERT INTO seats(id,venue_id,zone_id,row,col,status) VALUES('sea-020','ven-001','zon-002',2,8,'available');
INSERT INTO seats(id,venue_id,zone_id,row,col,status) VALUES('sea-021','ven-001','zon-002',2,9,'occupied');
INSERT INTO seats(id,venue_id,zone_id,row,col,status) VALUES('sea-022','ven-001','zon-002',2,10,'available');
INSERT INTO seats(id,venue_id,zone_id,row,col,status) VALUES('sea-023','ven-001','zon-002',2,11,'available');
INSERT INTO seats(id,venue_id,zone_id,row,col,status) VALUES('sea-024','ven-001','zon-002',2,12,'occupied');
INSERT INTO seats(id,venue_id,zone_id,row,col,status) VALUES('sea-025','ven-001','zon-003',3,1,'available');
INSERT INTO seats(id,venue_id,zone_id,row,col,status) VALUES('sea-026','ven-001','zon-003',3,2,'available');
INSERT INTO seats(id,venue_id,zone_id,row,col,status) VALUES('sea-027','ven-001','zon-003',3,3,'occupied');
INSERT INTO seats(id,venue_id,zone_id,row,col,status) VALUES('sea-028','ven-001','zon-003',3,4,'available');
INSERT INTO seats(id,venue_id,zone_id,row,col,status) VALUES('sea-029','ven-001','zon-003',3,5,'available');
INSERT INTO seats(id,venue_id,zone_id,row,col,status) VALUES('sea-030','ven-001','zon-003',3,6,'occupied');
INSERT INTO seats(id,venue_id,zone_id,row,col,status) VALUES('sea-031','ven-001','zon-003',3,7,'available');
INSERT INTO seats(id,venue_id,zone_id,row,col,status) VALUES('sea-032','ven-001','zon-003',3,8,'available');
INSERT INTO seats(id,venue_id,zone_id,row,col,status) VALUES('sea-033','ven-001','zon-003',3,9,'occupied');
INSERT INTO seats(id,venue_id,zone_id,row,col,status) VALUES('sea-034','ven-001','zon-003',3,10,'available');
INSERT INTO seats(id,venue_id,zone_id,row,col,status) VALUES('sea-035','ven-001','zon-003',3,11,'available');
INSERT INTO seats(id,venue_id,zone_id,row,col,status) VALUES('sea-036','ven-001','zon-003',3,12,'occupied');
INSERT INTO seats(id,venue_id,zone_id,row,col,status) VALUES('sea-037','ven-001','zon-003',4,1,'available');
INSERT INTO seats(id,venue_id,zone_id,row,col,status) VALUES('sea-038','ven-001','zon-003',4,2,'available');
INSERT INTO seats(id,venue_id,zone_id,row,col,status) VALUES('sea-039','ven-001','zon-003',4,3,'occupied');
INSERT INTO seats(id,venue_id,zone_id,row,col,status) VALUES('sea-040','ven-001','zon-003',4,4,'available');
INSERT INTO seats(id,venue_id,zone_id,row,col,status) VALUES('sea-041','ven-001','zon-003',4,5,'available');
INSERT INTO seats(id,venue_id,zone_id,row,col,status) VALUES('sea-042','ven-001','zon-003',4,6,'occupied');
INSERT INTO seats(id,venue_id,zone_id,row,col,status) VALUES('sea-043','ven-001','zon-003',4,7,'available');
INSERT INTO seats(id,venue_id,zone_id,row,col,status) VALUES('sea-044','ven-001','zon-003',4,8,'available');
INSERT INTO seats(id,venue_id,zone_id,row,col,status) VALUES('sea-045','ven-001','zon-003',4,9,'occupied');
INSERT INTO seats(id,venue_id,zone_id,row,col,status) VALUES('sea-046','ven-001','zon-003',4,10,'available');
INSERT INTO seats(id,venue_id,zone_id,row,col,status) VALUES('sea-047','ven-001','zon-003',4,11,'available');
INSERT INTO seats(id,venue_id,zone_id,row,col,status) VALUES('sea-048','ven-001','zon-003',4,12,'occupied');
INSERT INTO seats(id,venue_id,zone_id,row,col,status) VALUES('sea-049','ven-002','zon-004',1,1,'occupied');
INSERT INTO seats(id,venue_id,zone_id,row,col,status) VALUES('sea-050','ven-002','zon-004',1,2,'available');
INSERT INTO seats(id,venue_id,zone_id,row,col,status) VALUES('sea-051','ven-002','zon-004',1,3,'occupied');
INSERT INTO seats(id,venue_id,zone_id,row,col,status) VALUES('sea-052','ven-002','zon-004',1,4,'available');
INSERT INTO seats(id,venue_id,zone_id,row,col,status) VALUES('sea-053','ven-002','zon-004',1,5,'available');
INSERT INTO seats(id,venue_id,zone_id,row,col,status) VALUES('sea-054','ven-002','zon-004',1,6,'occupied');
INSERT INTO seats(id,venue_id,zone_id,row,col,status) VALUES('sea-055','ven-002','zon-004',1,7,'available');
INSERT INTO seats(id,venue_id,zone_id,row,col,status) VALUES('sea-056','ven-002','zon-004',1,8,'available');
INSERT INTO seats(id,venue_id,zone_id,row,col,status) VALUES('sea-057','ven-002','zon-004',1,9,'occupied');
INSERT INTO seats(id,venue_id,zone_id,row,col,status) VALUES('sea-058','ven-002','zon-004',1,10,'available');
INSERT INTO seats(id,venue_id,zone_id,row,col,status) VALUES('sea-059','ven-002','zon-005',2,1,'available');
INSERT INTO seats(id,venue_id,zone_id,row,col,status) VALUES('sea-060','ven-002','zon-005',2,2,'occupied');
INSERT INTO seats(id,venue_id,zone_id,row,col,status) VALUES('sea-061','ven-002','zon-005',2,3,'available');
INSERT INTO seats(id,venue_id,zone_id,row,col,status) VALUES('sea-062','ven-002','zon-005',2,4,'occupied');
INSERT INTO seats(id,venue_id,zone_id,row,col,status) VALUES('sea-063','ven-002','zon-005',2,5,'occupied');
INSERT INTO seats(id,venue_id,zone_id,row,col,status) VALUES('sea-064','ven-002','zon-005',2,6,'available');
INSERT INTO seats(id,venue_id,zone_id,row,col,status) VALUES('sea-065','ven-002','zon-005',2,7,'available');
INSERT INTO seats(id,venue_id,zone_id,row,col,status) VALUES('sea-066','ven-002','zon-005',2,8,'occupied');
INSERT INTO seats(id,venue_id,zone_id,row,col,status) VALUES('sea-067','ven-002','zon-005',2,9,'available');
INSERT INTO seats(id,venue_id,zone_id,row,col,status) VALUES('sea-068','ven-002','zon-005',2,10,'available');
INSERT INTO seats(id,venue_id,zone_id,row,col,status) VALUES('sea-069','ven-002','zon-005',3,1,'occupied');
INSERT INTO seats(id,venue_id,zone_id,row,col,status) VALUES('sea-070','ven-002','zon-005',3,2,'available');
INSERT INTO seats(id,venue_id,zone_id,row,col,status) VALUES('sea-071','ven-002','zon-005',3,3,'available');
INSERT INTO seats(id,venue_id,zone_id,row,col,status) VALUES('sea-072','ven-002','zon-005',3,4,'occupied');
INSERT INTO seats(id,venue_id,zone_id,row,col,status) VALUES('sea-073','ven-002','zon-005',3,5,'available');
INSERT INTO seats(id,venue_id,zone_id,row,col,status) VALUES('sea-074','ven-002','zon-005',3,6,'available');
INSERT INTO seats(id,venue_id,zone_id,row,col,status) VALUES('sea-075','ven-002','zon-005',3,7,'occupied');
INSERT INTO seats(id,venue_id,zone_id,row,col,status) VALUES('sea-076','ven-002','zon-005',3,8,'available');
INSERT INTO seats(id,venue_id,zone_id,row,col,status) VALUES('sea-077','ven-002','zon-005',3,9,'available');
INSERT INTO seats(id,venue_id,zone_id,row,col,status) VALUES('sea-078','ven-002','zon-005',3,10,'occupied');
INSERT INTO seats(id,venue_id,zone_id,row,col,status) VALUES('sea-079','ven-002','zon-006',4,1,'available');
INSERT INTO seats(id,venue_id,zone_id,row,col,status) VALUES('sea-080','ven-002','zon-006',4,2,'available');
INSERT INTO seats(id,venue_id,zone_id,row,col,status) VALUES('sea-081','ven-002','zon-006',4,3,'occupied');
INSERT INTO seats(id,venue_id,zone_id,row,col,status) VALUES('sea-082','ven-002','zon-006',4,4,'available');
INSERT INTO seats(id,venue_id,zone_id,row,col,status) VALUES('sea-083','ven-002','zon-006',4,5,'available');
INSERT INTO seats(id,venue_id,zone_id,row,col,status) VALUES('sea-084','ven-002','zon-006',4,6,'occupied');
INSERT INTO seats(id,venue_id,zone_id,row,col,status) VALUES('sea-085','ven-002','zon-006',4,7,'available');
INSERT INTO seats(id,venue_id,zone_id,row,col,status) VALUES('sea-086','ven-002','zon-006',4,8,'available');
INSERT INTO seats(id,venue_id,zone_id,row,col,status) VALUES('sea-087','ven-002','zon-006',4,9,'occupied');
INSERT INTO seats(id,venue_id,zone_id,row,col,status) VALUES('sea-088','ven-002','zon-006',4,10,'available');
INSERT INTO seats(id,venue_id,zone_id,row,col,status) VALUES('sea-089','ven-002','zon-006',5,1,'available');
INSERT INTO seats(id,venue_id,zone_id,row,col,status) VALUES('sea-090','ven-002','zon-006',5,2,'occupied');
INSERT INTO seats(id,venue_id,zone_id,row,col,status) VALUES('sea-091','ven-002','zon-006',5,3,'available');
INSERT INTO seats(id,venue_id,zone_id,row,col,status) VALUES('sea-092','ven-002','zon-006',5,4,'available');
INSERT INTO seats(id,venue_id,zone_id,row,col,status) VALUES('sea-093','ven-002','zon-006',5,5,'occupied');
INSERT INTO seats(id,venue_id,zone_id,row,col,status) VALUES('sea-094','ven-002','zon-006',5,6,'available');
INSERT INTO seats(id,venue_id,zone_id,row,col,status) VALUES('sea-095','ven-002','zon-006',5,7,'available');
INSERT INTO seats(id,venue_id,zone_id,row,col,status) VALUES('sea-096','ven-002','zon-006',5,8,'occupied');
INSERT INTO seats(id,venue_id,zone_id,row,col,status) VALUES('sea-097','ven-002','zon-006',5,9,'available');
INSERT INTO seats(id,venue_id,zone_id,row,col,status) VALUES('sea-098','ven-002','zon-006',5,10,'available');
INSERT INTO seats(id,venue_id,zone_id,row,col,status) VALUES('sea-099','ven-002','zon-006',6,1,'occupied');
INSERT INTO seats(id,venue_id,zone_id,row,col,status) VALUES('sea-100','ven-002','zon-006',6,2,'available');
INSERT INTO seats(id,venue_id,zone_id,row,col,status) VALUES('sea-101','ven-002','zon-006',6,3,'available');
INSERT INTO seats(id,venue_id,zone_id,row,col,status) VALUES('sea-102','ven-002','zon-006',6,4,'occupied');
INSERT INTO seats(id,venue_id,zone_id,row,col,status) VALUES('sea-103','ven-002','zon-006',6,5,'available');
INSERT INTO seats(id,venue_id,zone_id,row,col,status) VALUES('sea-104','ven-002','zon-006',6,6,'available');
INSERT INTO seats(id,venue_id,zone_id,row,col,status) VALUES('sea-105','ven-002','zon-006',6,7,'occupied');
INSERT INTO seats(id,venue_id,zone_id,row,col,status) VALUES('sea-106','ven-002','zon-006',6,8,'available');
INSERT INTO seats(id,venue_id,zone_id,row,col,status) VALUES('sea-107','ven-002','zon-006',6,9,'available');
INSERT INTO seats(id,venue_id,zone_id,row,col,status) VALUES('sea-108','ven-002','zon-006',6,10,'occupied');
INSERT INTO seats(id,venue_id,zone_id,row,col,status) VALUES('sea-109','ven-003','zon-007',1,1,'occupied');
INSERT INTO seats(id,venue_id,zone_id,row,col,status) VALUES('sea-110','ven-003','zon-007',1,2,'available');
INSERT INTO seats(id,venue_id,zone_id,row,col,status) VALUES('sea-111','ven-003','zon-007',1,3,'occupied');
INSERT INTO seats(id,venue_id,zone_id,row,col,status) VALUES('sea-112','ven-003','zon-007',1,4,'available');
INSERT INTO seats(id,venue_id,zone_id,row,col,status) VALUES('sea-113','ven-003','zon-007',1,5,'available');
INSERT INTO seats(id,venue_id,zone_id,row,col,status) VALUES('sea-114','ven-003','zon-007',1,6,'occupied');
INSERT INTO seats(id,venue_id,zone_id,row,col,status) VALUES('sea-115','ven-003','zon-007',1,7,'available');
INSERT INTO seats(id,venue_id,zone_id,row,col,status) VALUES('sea-116','ven-003','zon-007',1,8,'available');
INSERT INTO seats(id,venue_id,zone_id,row,col,status) VALUES('sea-117','ven-003','zon-007',1,9,'occupied');
INSERT INTO seats(id,venue_id,zone_id,row,col,status) VALUES('sea-118','ven-003','zon-007',1,10,'available');
INSERT INTO seats(id,venue_id,zone_id,row,col,status) VALUES('sea-119','ven-003','zon-007',2,1,'available');
INSERT INTO seats(id,venue_id,zone_id,row,col,status) VALUES('sea-120','ven-003','zon-007',2,2,'occupied');
INSERT INTO seats(id,venue_id,zone_id,row,col,status) VALUES('sea-121','ven-003','zon-007',2,3,'available');
INSERT INTO seats(id,venue_id,zone_id,row,col,status) VALUES('sea-122','ven-003','zon-007',2,4,'available');
INSERT INTO seats(id,venue_id,zone_id,row,col,status) VALUES('sea-123','ven-003','zon-007',2,5,'occupied');
INSERT INTO seats(id,venue_id,zone_id,row,col,status) VALUES('sea-124','ven-003','zon-007',2,6,'available');
INSERT INTO seats(id,venue_id,zone_id,row,col,status) VALUES('sea-125','ven-003','zon-007',2,7,'available');
INSERT INTO seats(id,venue_id,zone_id,row,col,status) VALUES('sea-126','ven-003','zon-007',2,8,'occupied');
INSERT INTO seats(id,venue_id,zone_id,row,col,status) VALUES('sea-127','ven-003','zon-007',2,9,'available');
INSERT INTO seats(id,venue_id,zone_id,row,col,status) VALUES('sea-128','ven-003','zon-007',2,10,'occupied');
INSERT INTO seats(id,venue_id,zone_id,row,col,status) VALUES('sea-129','ven-003','zon-008',3,1,'occupied');
INSERT INTO seats(id,venue_id,zone_id,row,col,status) VALUES('sea-130','ven-003','zon-008',3,2,'available');
INSERT INTO seats(id,venue_id,zone_id,row,col,status) VALUES('sea-131','ven-003','zon-008',3,3,'available');
INSERT INTO seats(id,venue_id,zone_id,row,col,status) VALUES('sea-132','ven-003','zon-008',3,4,'occupied');
INSERT INTO seats(id,venue_id,zone_id,row,col,status) VALUES('sea-133','ven-003','zon-008',3,5,'available');
INSERT INTO seats(id,venue_id,zone_id,row,col,status) VALUES('sea-134','ven-003','zon-008',3,6,'available');
INSERT INTO seats(id,venue_id,zone_id,row,col,status) VALUES('sea-135','ven-003','zon-008',3,7,'occupied');
INSERT INTO seats(id,venue_id,zone_id,row,col,status) VALUES('sea-136','ven-003','zon-008',3,8,'available');
INSERT INTO seats(id,venue_id,zone_id,row,col,status) VALUES('sea-137','ven-003','zon-008',3,9,'available');
INSERT INTO seats(id,venue_id,zone_id,row,col,status) VALUES('sea-138','ven-003','zon-008',3,10,'occupied');
INSERT INTO seats(id,venue_id,zone_id,row,col,status) VALUES('sea-139','ven-003','zon-008',4,1,'available');
INSERT INTO seats(id,venue_id,zone_id,row,col,status) VALUES('sea-140','ven-003','zon-008',4,2,'available');
INSERT INTO seats(id,venue_id,zone_id,row,col,status) VALUES('sea-141','ven-003','zon-008',4,3,'occupied');
INSERT INTO seats(id,venue_id,zone_id,row,col,status) VALUES('sea-142','ven-003','zon-008',4,4,'available');
INSERT INTO seats(id,venue_id,zone_id,row,col,status) VALUES('sea-143','ven-003','zon-008',4,5,'available');
INSERT INTO seats(id,venue_id,zone_id,row,col,status) VALUES('sea-144','ven-003','zon-008',4,6,'occupied');
INSERT INTO seats(id,venue_id,zone_id,row,col,status) VALUES('sea-145','ven-003','zon-008',4,7,'available');
INSERT INTO seats(id,venue_id,zone_id,row,col,status) VALUES('sea-146','ven-003','zon-008',4,8,'available');
INSERT INTO seats(id,venue_id,zone_id,row,col,status) VALUES('sea-147','ven-003','zon-008',4,9,'occupied');
INSERT INTO seats(id,venue_id,zone_id,row,col,status) VALUES('sea-148','ven-003','zon-008',4,10,'available');
INSERT INTO seats(id,venue_id,zone_id,row,col,status) VALUES('sea-149','ven-003','zon-009',5,1,'available');
INSERT INTO seats(id,venue_id,zone_id,row,col,status) VALUES('sea-150','ven-003','zon-009',5,2,'occupied');
INSERT INTO seats(id,venue_id,zone_id,row,col,status) VALUES('sea-151','ven-003','zon-009',5,3,'available');
INSERT INTO seats(id,venue_id,zone_id,row,col,status) VALUES('sea-152','ven-003','zon-009',5,4,'available');
INSERT INTO seats(id,venue_id,zone_id,row,col,status) VALUES('sea-153','ven-003','zon-009',5,5,'available');
INSERT INTO seats(id,venue_id,zone_id,row,col,status) VALUES('sea-154','ven-003','zon-009',5,6,'available');
INSERT INTO seats(id,venue_id,zone_id,row,col,status) VALUES('sea-155','ven-003','zon-009',5,7,'available');
INSERT INTO seats(id,venue_id,zone_id,row,col,status) VALUES('sea-156','ven-003','zon-009',5,8,'available');
INSERT INTO seats(id,venue_id,zone_id,row,col,status) VALUES('sea-157','ven-003','zon-009',5,9,'available');
INSERT INTO seats(id,venue_id,zone_id,row,col,status) VALUES('sea-158','ven-003','zon-009',5,10,'available');
INSERT INTO seats(id,venue_id,zone_id,row,col,status) VALUES('sea-159','ven-003','zon-009',6,1,'available');
INSERT INTO seats(id,venue_id,zone_id,row,col,status) VALUES('sea-160','ven-003','zon-009',6,2,'occupied');
INSERT INTO seats(id,venue_id,zone_id,row,col,status) VALUES('sea-161','ven-003','zon-009',6,3,'available');
INSERT INTO seats(id,venue_id,zone_id,row,col,status) VALUES('sea-162','ven-003','zon-009',6,4,'available');
INSERT INTO seats(id,venue_id,zone_id,row,col,status) VALUES('sea-163','ven-003','zon-009',6,5,'available');
INSERT INTO seats(id,venue_id,zone_id,row,col,status) VALUES('sea-164','ven-003','zon-009',6,6,'available');
INSERT INTO seats(id,venue_id,zone_id,row,col,status) VALUES('sea-165','ven-003','zon-009',6,7,'available');
INSERT INTO seats(id,venue_id,zone_id,row,col,status) VALUES('sea-166','ven-003','zon-009',6,8,'available');
INSERT INTO seats(id,venue_id,zone_id,row,col,status) VALUES('sea-167','ven-003','zon-009',6,9,'available');
INSERT INTO seats(id,venue_id,zone_id,row,col,status) VALUES('sea-168','ven-003','zon-009',6,10,'available');
INSERT INTO seats(id,venue_id,zone_id,row,col,status) VALUES('sea-169','ven-003','zon-009',7,1,'available');
INSERT INTO seats(id,venue_id,zone_id,row,col,status) VALUES('sea-170','ven-003','zon-009',7,2,'available');
INSERT INTO seats(id,venue_id,zone_id,row,col,status) VALUES('sea-171','ven-003','zon-009',7,3,'available');
INSERT INTO seats(id,venue_id,zone_id,row,col,status) VALUES('sea-172','ven-003','zon-009',7,4,'available');
INSERT INTO seats(id,venue_id,zone_id,row,col,status) VALUES('sea-173','ven-003','zon-009',7,5,'available');
INSERT INTO seats(id,venue_id,zone_id,row,col,status) VALUES('sea-174','ven-003','zon-009',7,6,'available');
INSERT INTO seats(id,venue_id,zone_id,row,col,status) VALUES('sea-175','ven-003','zon-009',7,7,'available');
INSERT INTO seats(id,venue_id,zone_id,row,col,status) VALUES('sea-176','ven-003','zon-009',7,8,'available');
INSERT INTO seats(id,venue_id,zone_id,row,col,status) VALUES('sea-177','ven-003','zon-009',7,9,'available');
INSERT INTO seats(id,venue_id,zone_id,row,col,status) VALUES('sea-178','ven-003','zon-009',7,10,'available');
INSERT INTO seats(id,venue_id,zone_id,row,col,status) VALUES('sea-179','ven-003','zon-009',8,1,'available');
INSERT INTO seats(id,venue_id,zone_id,row,col,status) VALUES('sea-180','ven-003','zon-009',8,2,'available');
INSERT INTO seats(id,venue_id,zone_id,row,col,status) VALUES('sea-181','ven-003','zon-009',8,3,'available');
INSERT INTO seats(id,venue_id,zone_id,row,col,status) VALUES('sea-182','ven-003','zon-009',8,4,'available');
INSERT INTO seats(id,venue_id,zone_id,row,col,status) VALUES('sea-183','ven-003','zon-009',8,5,'available');
INSERT INTO seats(id,venue_id,zone_id,row,col,status) VALUES('sea-184','ven-003','zon-009',8,6,'available');
INSERT INTO seats(id,venue_id,zone_id,row,col,status) VALUES('sea-185','ven-003','zon-009',8,7,'available');
INSERT INTO seats(id,venue_id,zone_id,row,col,status) VALUES('sea-186','ven-003','zon-009',8,8,'available');
INSERT INTO seats(id,venue_id,zone_id,row,col,status) VALUES('sea-187','ven-003','zon-009',8,9,'available');
INSERT INTO seats(id,venue_id,zone_id,row,col,status) VALUES('sea-188','ven-003','zon-009',8,10,'available');

INSERT INTO users(id,name,lastname,email,password,phone) VALUES('usr-001','Sofía','Hernández','sofia.hernandez@ticketflow.com','ticket123','+525511223344');
INSERT INTO users(id,name,lastname,email,password,phone) VALUES('usr-002','Mateo','García','mateo.garcia@ticketflow.com','ticket123','+525522334455');
INSERT INTO users(id,name,lastname,email,password,phone) VALUES('usr-003','Valeria','López','valeria.lopez@ticketflow.com','ticket123','+525533445566');
INSERT INTO users(id,name,lastname,email,password,phone) VALUES('usr-004','Diego','Martínez','diego.martinez@ticketflow.com','ticket123','+525544556677');

INSERT INTO bookings(id,user_id,event_id,seat_id,status,total,currency,contact_email,contact_phone,payment_method,transaction_id,cancelled_at) VALUES('TF-001','usr-001','evt-001','sea-001','confirmed',150.00,'USD','sofia.hernandez@ticketflow.com','+525511223344','card','txn-483920',NULL);
INSERT INTO bookings(id,user_id,event_id,seat_id,status,total,currency,contact_email,contact_phone,payment_method,transaction_id,cancelled_at) VALUES('TF-002','usr-001','evt-008','sea-049','pending',140.00,'USD','sofia.hernandez@ticketflow.com','+525511223344','paypal','txn-728154',NULL);
INSERT INTO bookings(id,user_id,event_id,seat_id,status,total,currency,contact_email,contact_phone,payment_method,transaction_id,cancelled_at) VALUES('TF-003','usr-002','evt-002','sea-015','confirmed',110.00,'USD','mateo.garcia@ticketflow.com','+525522334455','card','txn-915306',NULL);
INSERT INTO bookings(id,user_id,event_id,seat_id,status,total,currency,contact_email,contact_phone,payment_method,transaction_id,cancelled_at) VALUES('TF-004','usr-002','evt-009','sea-062','cancelled',100.00,'USD','mateo.garcia@ticketflow.com','+525522334455','paypal','txn-640271','2025-09-12 18:45:00');
INSERT INTO bookings(id,user_id,event_id,seat_id,status,total,currency,contact_email,contact_phone,payment_method,transaction_id,cancelled_at) VALUES('TF-005','usr-003','evt-015','sea-109','pending',130.00,'USD','valeria.lopez@ticketflow.com','+525533445566','card','txn-357819',NULL);
INSERT INTO bookings(id,user_id,event_id,seat_id,status,total,currency,contact_email,contact_phone,payment_method,transaction_id,cancelled_at) VALUES('TF-006','usr-003','evt-016','sea-128','confirmed',130.00,'USD','valeria.lopez@ticketflow.com','+525533445566','paypal','txn-802463',NULL);
INSERT INTO bookings(id,user_id,event_id,seat_id,status,total,currency,contact_email,contact_phone,payment_method,transaction_id,cancelled_at) VALUES('TF-007','usr-004','evt-010','sea-075','cancelled',100.00,'USD','diego.martinez@ticketflow.com','+525544556677','card','txn-194680','2026-01-05 10:20:00');
INSERT INTO bookings(id,user_id,event_id,seat_id,status,total,currency,contact_email,contact_phone,payment_method,transaction_id,cancelled_at) VALUES('TF-008','usr-004','evt-018','sea-160','confirmed',70.00,'USD','diego.martinez@ticketflow.com','+525544556677','paypal','txn-536742',NULL);
-- ==========================================
-- SEED SUMMARY
-- ==========================================
-- venues:   3 / 3    expected
-- zones:    9 / 9    expected
-- events:   20 / 20   expected
-- seats:    188 / 188  expected
-- users:    4 / 4    expected
-- bookings: 8 / 8    expected
-- TOTAL:    232 / 232  expected
-- ==========================================